Richard,Frazier,78
Jennifer,Roman,76
Paul,Williams,23
Mark,Martin,53
Patty,Lawrence,59
Adrian,Wood,20
Laura,Cook,29
Erin,Johnson,31
Antonio,Williamson,75
Rebecca,Harris,34
Craig,Nash,46
Rachel,Sutton,82
Rachael,Leblanc,18
Scott,Thompson,51
Brandon,Campbell,28
Dana,Miller,23
John,Carlson,22
Erin,Henderson,78
Matthew,Estes,67
Sean,Green,59
Holly,Montgomery,65
Emily,Levy,41
Vernon,Jimenez,83
Patricia,Gillespie,82
Jasmine,Ruiz,23
James,Bradley,78
Erika,Wolf,52
Thomas,Grimes,30
Kyle,Blair,45
Brandon,White,51
Mary,Cherry,62
David,Clark,60
Todd,Santana,28
Christine,King,56
Linda,Chang,54
Alejandro,Mccann,41
Holly,Fisher,58
Patricia,Clark,78
Mark,Harrell,60
Briana,Wallace,74
Bryan,Davidson,75
Tanya,Wagner,48
John,Ponce,89
Renee,Ferguson,80
Karla,Henson,60
Lauren,Sandoval,18
Jennifer,Nunez,69
Michael,White,74
Amy,Carter,72
Alexandra,Jones,26
Maria,Brown,90
Christy,Kramer,18
Barbara,Roberts,51
Alexis,Anthony,87
Jessica,Flores,65
David,Mitchell,66
William,Cantu,73
Christopher,Flores,63
Linda,West,30
David,Fleming,89
Chloe,Tucker,48
Laura,Miller,46
Courtney,Bennett,77
Bradley,Villa,88
Laura,Hill,44
Lisa,Barrera,63
Caleb,Boyer,25
Megan,Peterson,41
Robert,Curtis,48
Tracy,Richards,63
Nathan,Medina,42
Chelsea,Mcdonald,85
Lisa,Atkinson,49
Mallory,Barnett,57
Dustin,Wolfe,58
Lauren,Giles,87
Mackenzie,Rice,72
Erin,Grant,68
Craig,Mcneil,67
Jesse,Gill,38
Ryan,Howard,44
Andrew,Williams,33
Tony,Hoffman,80
Jessica,Massey,48
Matthew,Mendoza,73
Holly,Simmons,41
Robin,Levy,35
Vicki,Burgess,63
Edward,Hatfield,90
Elizabeth,Harris,57
Shawn,Giles,37
Brenda,York,28
Samantha,Rivers,33
Andrea,Reed,51
Megan,Chang,67
Samantha,Jackson,55
Cameron,Miller,30
Brandon,Berry,83
Keith,Foster,87
Jennifer,Ross,36
